,date,geo_code,inf_hosp_intensive,inf_hosp_nonintensive,inf_home,inf_recovered,inf_dead,inf_tot_cum
0,2020-02-24T18:00:00,1,0,2,1,0,0,3
1,2020-02-24T18:00:00,2,0,0,0,0,0,0
2,2020-02-24T18:00:00,3,19,76,71,0,6,172
3,2020-02-24T18:00:00,4,0,0,0,0,0,0
4,2020-02-24T18:00:00,5,4,12,16,0,1,33
5,2020-02-24T18:00:00,6,0,0,0,0,0,0
6,2020-02-24T18:00:00,7,0,0,0,0,0,0
7,2020-02-24T18:00:00,8,2,10,6,0,0,18
8,2020-02-24T18:00:00,9,0,0,0,0,0,0
9,2020-02-24T18:00:00,10,0,0,0,0,0,0
10,2020-02-24T18:00:00,11,0,0,0,0,0,0
11,2020-02-24T18:00:00,12,1,1,0,1,0,3
12,2020-02-24T18:00:00,13,0,0,0,0,0,0
13,2020-02-24T18:00:00,14,0,0,0,0,0,0
14,2020-02-24T18:00:00,15,0,0,0,0,0,0
15,2020-02-24T18:00:00,16,0,0,0,0,0,0
16,2020-02-24T18:00:00,17,0,0,0,0,0,0
17,2020-02-24T18:00:00,18,0,0,0,0,0,0
18,2020-02-24T18:00:00,19,0,0,0,0,0,0
19,2020-02-24T18:00:00,20,0,0,0,0,0,0
20,2020-02-25T18:00:00,1,0,2,1,0,0,3
21,2020-02-25T18:00:00,2,0,0,0,0,0,0
22,2020-02-25T18:00:00,3,25,79,127,0,9,240
23,2020-02-25T18:00:00,4,0,1,0,0,0,1
24,2020-02-25T18:00:00,5,7,12,23,0,1,43
25,2020-02-25T18:00:00,6,0,0,0,0,0,0
26,2020-02-25T18:00:00,7,0,1,0,0,0,1
27,2020-02-25T18:00:00,8,2,15,9,0,0,26
28,2020-02-25T18:00:00,9,0,2,0,0,0,2
29,2020-02-25T18:00:00,10,0,0,0,0,0,0
30,2020-02-25T18:00:00,11,0,0,0,0,0,0
31,2020-02-25T18:00:00,12,1,1,0,1,0,3
32,2020-02-25T18:00:00,13,0,0,0,0,0,0
33,2020-02-25T18:00:00,14,0,0,0,0,0,0
34,2020-02-25T18:00:00,15,0,0,0,0,0,0
35,2020-02-25T18:00:00,16,0,0,0,0,0,0
36,2020-02-25T18:00:00,17,0,0,0,0,0,0
37,2020-02-25T18:00:00,18,0,0,0,0,0,0
38,2020-02-25T18:00:00,19,0,1,2,0,0,3
39,2020-02-25T18:00:00,20,0,0,0,0,0,0
40,2020-02-26T18:00:00,1,0,2,1,0,0,3
41,2020-02-26T18:00:00,2,0,0,0,0,0,0
42,2020-02-26T18:00:00,3,25,79,145,0,9,258
43,2020-02-26T18:00:00,4,0,1,0,0,0,1
44,2020-02-26T18:00:00,5,8,16,45,0,2,71
45,2020-02-26T18:00:00,6,0,0,0,0,0,0
46,2020-02-26T18:00:00,7,0,6,5,0,0,11
47,2020-02-26T18:00:00,8,3,20,23,0,1,47
48,2020-02-26T18:00:00,9,0,2,0,0,0,2
49,2020-02-26T18:00:00,10,0,0,0,0,0,0
50,2020-02-26T18:00:00,11,0,1,0,0,0,1
51,2020-02-26T18:00:00,12,0,0,0,3,0,3
52,2020-02-26T18:00:00,13,0,0,0,0,0,0
53,2020-02-26T18:00:00,14,0,0,0,0,0,0
54,2020-02-26T18:00:00,15,0,0,0,0,0,0
55,2020-02-26T18:00:00,16,0,0,0,0,0,0
56,2020-02-26T18:00:00,17,0,0,0,0,0,0
57,2020-02-26T18:00:00,18,0,0,0,0,0,0
58,2020-02-26T18:00:00,19,0,1,2,0,0,3
59,2020-02-26T18:00:00,20,0,0,0,0,0,0
60,2020-02-27T18:00:00,1,0,2,0,0,0,2
61,2020-02-27T18:00:00,2,0,0,0,0,0,0
62,2020-02-27T18:00:00,3,41,172,136,40,14,403
63,2020-02-27T18:00:00,4,0,1,0,0,0,1
64,2020-02-27T18:00:00,5,8,19,82,0,2,111
65,2020-02-27T18:00:00,6,0,0,0,0,0,0
66,2020-02-27T18:00:00,7,0,9,10,0,0,19
67,2020-02-27T18:00:00,8,6,36,54,0,1,97
68,2020-02-27T18:00:00,9,0,2,0,0,0,2
69,2020-02-27T18:00:00,10,0,0,0,0,0,0
70,2020-02-27T18:00:00,11,1,2,0,0,0,3
71,2020-02-27T18:00:00,12,0,0,0,3,0,3
72,2020-02-27T18:00:00,13,0,1,0,0,0,1
73,2020-02-27T18:00:00,14,0,0,0,0,0,0
74,2020-02-27T18:00:00,15,0,2,1,0,0,3
75,2020-02-27T18:00:00,16,0,1,0,0,0,1
76,2020-02-27T18:00:00,17,0,0,0,0,0,0
77,2020-02-27T18:00:00,18,0,0,0,0,0,0
78,2020-02-27T18:00:00,19,0,1,1,2,0,4
79,2020-02-27T18:00:00,20,0,0,0,0,0,0
80,2020-02-28T18:00:00,1,0,7,4,0,0,11
81,2020-02-28T18:00:00,2,0,0,0,0,0,0
82,2020-02-28T18:00:00,3,47,235,192,40,17,531
83,2020-02-28T18:00:00,4,0,1,0,0,0,1
84,2020-02-28T18:00:00,5,9,24,116,0,2,151
85,2020-02-28T18:00:00,6,0,0,0,0,0,0
86,2020-02-28T18:00:00,7,0,9,10,0,0,19
87,2020-02-28T18:00:00,8,6,56,81,0,2,145
88,2020-02-28T18:00:00,9,0,5,2,1,0,8
89,2020-02-28T18:00:00,10,0,0,0,0,0,0
90,2020-02-28T18:00:00,11,2,3,1,0,0,6
91,2020-02-28T18:00:00,12,0,0,0,3,0,3
92,2020-02-28T18:00:00,13,0,1,0,0,0,1
93,2020-02-28T18:00:00,14,0,0,0,0,0,0
94,2020-02-28T18:00:00,15,0,2,2,0,0,4
95,2020-02-28T18:00:00,16,0,1,2,0,0,3
96,2020-02-28T18:00:00,17,0,0,0,0,0,0
97,2020-02-28T18:00:00,18,0,0,1,0,0,1
98,2020-02-28T18:00:00,19,0,1,1,2,0,4
99,2020-02-28T18:00:00,20,0,0,0,0,0,0
100,2020-02-29T17:00:00,1,0,7,4,0,0,11
101,2020-02-29T17:00:00,2,0,0,0,0,0,0
102,2020-02-29T17:00:00,3,80,256,216,40,23,615
103,2020-02-29T17:00:00,4,0,1,0,0,0,1
104,2020-02-29T17:00:00,5,11,24,154,0,2,191
105,2020-02-29T17:00:00,6,0,0,0,0,0,0
106,2020-02-29T17:00:00,7,1,4,33,4,0,42
107,2020-02-29T17:00:00,8,11,86,116,0,4,217
108,2020-02-29T17:00:00,9,0,7,3,1,0,11
109,2020-02-29T17:00:00,10,0,0,0,0,0,0
110,2020-02-29T17:00:00,11,2,6,3,0,0,11
111,2020-02-29T17:00:00,12,0,3,0,3,0,6
112,2020-02-29T17:00:00,13,0,2,0,0,0,2
113,2020-02-29T17:00:00,14,0,0,0,0,0,0
114,2020-02-29T17:00:00,15,0,3,10,0,0,13
115,2020-02-29T17:00:00,16,0,1,2,0,0,3
116,2020-02-29T17:00:00,17,0,0,0,0,0,0
117,2020-02-29T17:00:00,18,0,0,1,0,0,1
118,2020-02-29T17:00:00,19,0,1,1,2,0,4
119,2020-02-29T17:00:00,20,0,0,0,0,0,0
120,2020-03-01T17:00:00,1,2,11,36,0,0,49
121,2020-03-01T17:00:00,2,0,0,0,0,0,0
122,2020-03-01T17:00:00,3,106,406,375,73,24,984
123,2020-03-01T17:00:00,4,0,1,0,0,0,1
124,2020-03-01T17:00:00,5,13,51,197,0,2,263
125,2020-03-01T17:00:00,6,0,0,6,0,0,6
126,2020-03-01T17:00:00,7,1,12,8,4,0,25
127,2020-03-01T17:00:00,8,13,127,137,0,8,285
128,2020-03-01T17:00:00,9,0,7,5,1,0,13
129,2020-03-01T17:00:00,10,0,0,2,0,0,2
130,2020-03-01T17:00:00,11,5,12,8,0,0,25
131,2020-03-01T17:00:00,12,0,3,0,3,0,6
132,2020-03-01T17:00:00,13,0,3,2,0,0,5
133,2020-03-01T17:00:00,14,0,0,0,0,0,0
134,2020-03-01T17:00:00,15,0,4,13,0,0,17
135,2020-03-01T17:00:00,16,0,1,2,0,0,3
136,2020-03-01T17:00:00,17,0,0,0,0,0,0
137,2020-03-01T17:00:00,18,0,0,1,0,0,1
138,2020-03-01T17:00:00,19,0,1,6,2,0,9
139,2020-03-01T17:00:00,20,0,0,0,0,0,0
140,2020-03-02T18:00:00,1,2,12,37,0,0,51
141,2020-03-02T18:00:00,2,0,0,0,0,0,0
142,2020-03-02T18:00:00,3,127,478,472,139,38,1254
143,2020-03-02T18:00:00,4,0,1,0,0,0,1
144,2020-03-02T18:00:00,5,14,53,204,0,2,273
145,2020-03-02T18:00:00,6,0,0,9,0,0,9
146,2020-03-02T18:00:00,7,1,12,5,4,0,22
147,2020-03-02T18:00:00,8,16,148,160,0,11,335
148,2020-03-02T18:00:00,9,0,7,5,1,0,13
149,2020-03-02T18:00:00,10,0,0,2,0,0,2
150,2020-03-02T18:00:00,11,6,17,11,0,1,35
151,2020-03-02T18:00:00,12,0,3,1,3,0,7
152,2020-03-02T18:00:00,13,0,3,2,0,0,5
153,2020-03-02T18:00:00,14,0,0,0,0,0,0
154,2020-03-02T18:00:00,15,0,4,13,0,0,17
155,2020-03-02T18:00:00,16,0,2,2,0,0,4
156,2020-03-02T18:00:00,17,0,0,0,0,0,0
157,2020-03-02T18:00:00,18,0,0,1,0,0,1
158,2020-03-02T18:00:00,19,0,2,3,2,0,7
159,2020-03-02T18:00:00,20,0,0,0,0,0,0
160,2020-03-03T18:00:00,1,3,13,40,0,0,56
161,2020-03-03T18:00:00,2,0,0,0,0,0,0
162,2020-03-03T18:00:00,3,167,698,461,139,55,1520
163,2020-03-03T18:00:00,4,0,2,3,0,0,5
164,2020-03-03T18:00:00,5,19,49,229,7,3,307
165,2020-03-03T18:00:00,6,0,1,12,0,0,13
166,2020-03-03T18:00:00,7,2,12,5,4,1,24
167,2020-03-03T18:00:00,8,24,187,187,4,18,420
168,2020-03-03T18:00:00,9,0,10,8,1,0,19
169,2020-03-03T18:00:00,10,1,1,6,0,0,8
170,2020-03-03T18:00:00,11,13,27,19,0,2,61
171,2020-03-03T18:00:00,12,0,10,1,3,0,14
172,2020-03-03T18:00:00,13,0,5,1,0,0,6
173,2020-03-03T18:00:00,14,0,3,0,0,0,3
174,2020-03-03T18:00:00,15,0,11,19,0,0,30
175,2020-03-03T18:00:00,16,0,2,4,0,0,6
176,2020-03-03T18:00:00,17,0,0,1,0,0,1
177,2020-03-03T18:00:00,18,0,0,1,0,0,1
178,2020-03-03T18:00:00,19,0,2,3,2,0,7
179,2020-03-03T18:00:00,20,0,1,0,0,0,1
180,2020-03-04T17:00:00,1,13,26,43,0,0,82
181,2020-03-04T17:00:00,2,0,0,0,0,0,0
182,2020-03-04T17:00:00,3,209,877,411,250,73,1820
183,2020-03-04T17:00:00,4,0,2,4,0,0,6
184,2020-03-04T17:00:00,5,23,76,246,9,6,360
185,2020-03-04T17:00:00,6,0,3,15,0,0,18
186,2020-03-04T17:00:00,7,3,10,8,4,1,26
187,2020-03-04T17:00:00,8,26,256,234,6,22,544
188,2020-03-04T17:00:00,9,2,15,20,1,0,38
189,2020-03-04T17:00:00,10,1,1,7,0,0,9
190,2020-03-04T17:00:00,11,15,34,31,0,4,84
191,2020-03-04T17:00:00,12,3,15,9,3,0,30
192,2020-03-04T17:00:00,13,0,7,0,0,0,7
193,2020-03-04T17:00:00,14,0,3,0,0,0,3
194,2020-03-04T17:00:00,15,0,11,20,0,0,31
195,2020-03-04T17:00:00,16,0,4,3,1,1,9
196,2020-03-04T17:00:00,17,0,0,1,0,0,1
197,2020-03-04T17:00:00,18,0,0,1,0,0,1
198,2020-03-04T17:00:00,19,0,5,11,2,0,18
199,2020-03-04T17:00:00,20,0,1,1,0,0,2
200,2020-03-05T17:00:00,1,17,43,46,0,2,108
201,2020-03-05T17:00:00,2,0,0,2,0,0,2
202,2020-03-05T17:00:00,3,244,1169,364,376,98,2251
203,2020-03-05T17:00:00,4,0,3,5,0,0,8
204,2020-03-05T17:00:00,5,24,92,264,17,10,407
205,2020-03-05T17:00:00,6,0,4,17,0,0,21
206,2020-03-05T17:00:00,7,3,11,7,4,3,28
207,2020-03-05T17:00:00,8,32,327,299,10,30,698
208,2020-03-05T17:00:00,9,3,26,31,1,0,61
209,2020-03-05T17:00:00,10,1,1,7,0,0,9
210,2020-03-05T17:00:00,11,19,57,44,0,4,124
211,2020-03-05T17:00:00,12,7,20,14,3,0,44
212,2020-03-05T17:00:00,13,0,8,0,0,0,8
213,2020-03-05T17:00:00,14,0,4,3,0,0,7
214,2020-03-05T17:00:00,15,0,12,33,0,0,45
215,2020-03-05T17:00:00,16,1,5,6,1,1,14
216,2020-03-05T17:00:00,17,0,0,1,0,0,1
217,2020-03-05T17:00:00,18,0,1,1,0,0,2
218,2020-03-05T17:00:00,19,0,5,11,2,0,18
219,2020-03-05T17:00:00,20,0,2,0,0,0,2
220,2020-03-06T17:00:00,1,30,57,52,0,4,143
221,2020-03-06T17:00:00,2,0,0,7,0,0,7
222,2020-03-06T17:00:00,3,309,1622,77,469,135,2612
223,2020-03-06T17:00:00,4,0,8,6,0,0,14
224,2020-03-06T17:00:00,5,27,117,310,22,12,488
225,2020-03-06T17:00:00,6,0,4,24,3,0,31
226,2020-03-06T17:00:00,7,5,12,7,5,3,32
227,2020-03-06T17:00:00,8,53,397,366,17,37,870
228,2020-03-06T17:00:00,9,5,35,38,1,0,79
229,2020-03-06T17:00:00,10,2,2,12,0,0,16
230,2020-03-06T17:00:00,11,20,73,62,0,4,159
231,2020-03-06T17:00:00,12,8,26,16,3,1,54
232,2020-03-06T17:00:00,13,0,9,0,0,0,9
233,2020-03-06T17:00:00,14,2,3,7,0,0,12
234,2020-03-06T17:00:00,15,0,12,45,0,0,57
235,2020-03-06T17:00:00,16,1,5,9,1,1,17
236,2020-03-06T17:00:00,17,0,1,2,0,0,3
237,2020-03-06T17:00:00,18,0,2,2,0,0,4
238,2020-03-06T17:00:00,19,0,7,15,2,0,24
239,2020-03-06T17:00:00,20,0,2,3,0,0,5
240,2020-03-07T18:00:00,1,38,110,54,0,5,207
241,2020-03-07T18:00:00,2,0,1,7,0,0,8
242,2020-03-07T18:00:00,3,359,1661,722,524,154,3420
243,2020-03-07T18:00:00,4,1,14,8,0,0,23
244,2020-03-07T18:00:00,5,41,123,341,25,13,543
245,2020-03-07T18:00:00,6,1,7,31,3,0,42
246,2020-03-07T18:00:00,7,6,26,10,5,4,51
247,2020-03-07T18:00:00,8,64,464,409,25,48,1010
248,2020-03-07T18:00:00,9,7,54,51,1,0,113
249,2020-03-07T18:00:00,10,2,2,20,0,0,24
250,2020-03-07T18:00:00,11,36,94,71,0,6,207
251,2020-03-07T18:00:00,12,8,43,21,3,1,76
252,2020-03-07T18:00:00,13,0,11,0,0,0,11
253,2020-03-07T18:00:00,14,2,3,9,0,0,14
254,2020-03-07T18:00:00,15,0,16,45,0,0,61
255,2020-03-07T18:00:00,16,2,9,12,1,2,26
256,2020-03-07T18:00:00,17,0,1,2,0,0,3
257,2020-03-07T18:00:00,18,0,2,2,0,0,4
258,2020-03-07T18:00:00,19,0,8,25,2,0,35
259,2020-03-07T18:00:00,20,0,2,3,0,0,5
260,2020-03-08T18:00:00,1,45,245,65,0,5,360
261,2020-03-08T18:00:00,2,0,1,8,0,0,9
262,2020-03-08T18:00:00,3,399,2217,756,550,267,4189
263,2020-03-08T18:00:00,4,2,15,15,0,0,32
264,2020-03-08T18:00:00,5,47,146,430,29,18,670
265,2020-03-08T18:00:00,6,1,7,45,3,1,57
266,2020-03-08T18:00:00,7,11,39,17,5,6,78
267,2020-03-08T18:00:00,8,75,542,480,27,56,1180
268,2020-03-08T18:00:00,9,7,91,67,1,0,166
269,2020-03-08T18:00:00,10,2,2,22,0,0,26
270,2020-03-08T18:00:00,11,41,110,114,0,7,272
271,2020-03-08T18:00:00,12,8,47,26,3,3,87
272,2020-03-08T18:00:00,13,0,14,3,0,0,17
273,2020-03-08T18:00:00,14,2,4,8,0,0,14
274,2020-03-08T18:00:00,15,7,30,63,1,0,101
275,2020-03-08T18:00:00,16,3,17,16,1,3,40
276,2020-03-08T18:00:00,17,0,2,2,0,0,4
277,2020-03-08T18:00:00,18,0,5,4,0,0,9
278,2020-03-08T18:00:00,19,0,18,33,2,0,53
279,2020-03-08T18:00:00,20,0,5,6,0,0,11
280,2020-03-09T18:00:00,1,50,222,65,0,13,350
281,2020-03-09T18:00:00,2,0,4,11,0,0,15
282,2020-03-09T18:00:00,3,440,2802,1248,646,333,5469
283,2020-03-09T18:00:00,4,2,18,22,0,0,42
284,2020-03-09T18:00:00,5,51,186,457,30,20,744
285,2020-03-09T18:00:00,6,1,18,70,3,1,93
286,2020-03-09T18:00:00,7,17,60,20,5,7,109
287,2020-03-09T18:00:00,8,90,576,620,30,70,1386
288,2020-03-09T18:00:00,9,9,107,90,1,1,208
289,2020-03-09T18:00:00,10,2,4,22,0,0,28
290,2020-03-09T18:00:00,11,47,136,130,0,10,323
291,2020-03-09T18:00:00,12,8,55,31,3,5,102
292,2020-03-09T18:00:00,13,0,25,5,0,0,30
293,2020-03-09T18:00:00,14,2,4,8,0,0,14
294,2020-03-09T18:00:00,15,8,42,69,1,0,120
295,2020-03-09T18:00:00,16,6,20,20,1,3,50
296,2020-03-09T18:00:00,17,0,2,3,0,0,5
297,2020-03-09T18:00:00,18,0,8,1,2,0,11
298,2020-03-09T18:00:00,19,0,19,33,2,0,54
299,2020-03-09T18:00:00,20,0,8,11,0,0,19
300,2020-03-10T18:00:00,1,66,306,64,0,17,453
301,2020-03-10T18:00:00,2,0,2,15,0,0,17
302,2020-03-10T18:00:00,3,466,3319,642,896,468,5791
303,2020-03-10T18:00:00,4,4,36,48,2,0,90
304,2020-03-10T18:00:00,5,67,204,512,47,26,856
305,2020-03-10T18:00:00,6,6,27,77,3,3,116
306,2020-03-10T18:00:00,7,29,57,42,5,8,141
307,2020-03-10T18:00:00,8,98,669,650,31,85,1533
308,2020-03-10T18:00:00,9,40,91,129,3,1,264
309,2020-03-10T18:00:00,10,2,8,27,0,0,37
310,2020-03-10T18:00:00,11,54,152,175,0,13,394
311,2020-03-10T18:00:00,12,15,50,34,11,6,116
312,2020-03-10T18:00:00,13,9,17,11,0,1,38
313,2020-03-10T18:00:00,14,3,3,9,0,0,15
314,2020-03-10T18:00:00,15,8,33,85,1,0,127
315,2020-03-10T18:00:00,16,6,28,21,1,3,59
316,2020-03-10T18:00:00,17,0,2,5,0,0,7
317,2020-03-10T18:00:00,18,2,8,1,2,0,13
318,2020-03-10T18:00:00,19,2,17,41,2,0,62
319,2020-03-10T18:00:00,20,0,9,11,0,0,20
320,2020-03-11T17:00:00,1,75,319,86,0,21,501
321,2020-03-11T17:00:00,2,0,2,17,0,1,20
322,2020-03-11T17:00:00,3,560,3852,1351,900,617,7280
323,2020-03-11T17:00:00,4,8,36,105,3,0,152
324,2020-03-11T17:00:00,5,68,262,610,54,29,1023
325,2020-03-11T17:00:00,6,5,16,89,10,6,126
326,2020-03-11T17:00:00,7,34,74,73,5,8,194
327,2020-03-11T17:00:00,8,104,745,739,38,113,1739
328,2020-03-11T17:00:00,9,54,87,173,5,1,320
329,2020-03-11T17:00:00,10,5,7,32,2,0,46
330,2020-03-11T17:00:00,11,66,212,183,0,18,479
331,2020-03-11T17:00:00,12,18,67,40,19,6,150
332,2020-03-11T17:00:00,13,9,17,11,0,1,38
333,2020-03-11T17:00:00,14,3,4,9,0,0,16
334,2020-03-11T17:00:00,15,11,56,82,4,1,154
335,2020-03-11T17:00:00,16,4,38,29,1,5,77
336,2020-03-11T17:00:00,17,1,1,6,0,0,8
337,2020-03-11T17:00:00,18,2,10,5,2,0,19
338,2020-03-11T17:00:00,19,1,23,57,2,0,83
339,2020-03-11T17:00:00,20,0,10,27,0,0,37
340,2020-03-12T17:00:00,1,97,368,89,0,26,580
341,2020-03-12T17:00:00,2,0,7,19,0,1,27
342,2020-03-12T17:00:00,3,605,4247,2044,1085,744,8725
343,2020-03-12T17:00:00,4,9,64,132,4,2,211
344,2020-03-12T17:00:00,5,85,360,852,55,32,1384
345,2020-03-12T17:00:00,6,10,23,115,11,8,167
346,2020-03-12T17:00:00,7,36,100,107,20,11,274
347,2020-03-12T17:00:00,8,112,814,832,43,146,1947
348,2020-03-12T17:00:00,9,59,100,193,7,5,364
349,2020-03-12T17:00:00,10,8,8,46,2,0,64
350,2020-03-12T17:00:00,11,76,254,240,0,22,592
351,2020-03-12T17:00:00,12,20,85,67,19,9,200
352,2020-03-12T17:00:00,13,12,47,19,4,2,84
353,2020-03-12T17:00:00,14,3,4,9,0,0,16
354,2020-03-12T17:00:00,15,11,56,107,4,1,179
355,2020-03-12T17:00:00,16,2,58,38,1,5,104
356,2020-03-12T17:00:00,17,1,1,6,0,0,8
357,2020-03-12T17:00:00,18,2,14,16,1,0,33
358,2020-03-12T17:00:00,19,5,28,78,2,2,115
359,2020-03-12T17:00:00,20,0,12,27,0,0,39
360,2020-03-13T17:00:00,1,135,556,103,0,46,840
361,2020-03-13T17:00:00,2,0,6,21,0,1,28
362,2020-03-13T17:00:00,3,650,4435,2647,1198,890,9820
363,2020-03-13T17:00:00,4,11,78,191,4,4,288
364,2020-03-13T17:00:00,5,107,366,980,100,42,1595
365,2020-03-13T17:00:00,6,8,59,169,11,10,257
366,2020-03-13T17:00:00,7,44,128,132,24,17,345
367,2020-03-13T17:00:00,8,128,942,941,51,201,2263
368,2020-03-13T17:00:00,9,77,134,244,10,5,470
369,2020-03-13T17:00:00,10,10,11,52,2,1,76
370,2020-03-13T17:00:00,11,85,337,276,0,27,725
371,2020-03-13T17:00:00,12,24,122,96,24,11,277
372,2020-03-13T17:00:00,13,14,42,27,4,2,89
373,2020-03-13T17:00:00,14,3,5,9,0,0,17
374,2020-03-13T17:00:00,15,19,60,134,5,2,220
375,2020-03-13T17:00:00,16,2,77,42,3,5,129
376,2020-03-13T17:00:00,17,1,1,8,0,0,10
377,2020-03-13T17:00:00,18,3,18,16,1,0,38
378,2020-03-13T17:00:00,19,7,37,82,2,2,130
379,2020-03-13T17:00:00,20,0,12,31,0,0,43
380,2020-03-14T17:00:00,1,150,538,126,0,59,873
381,2020-03-14T17:00:00,2,0,12,29,0,1,42
382,2020-03-14T17:00:00,3,732,4898,3429,1660,966,11685
383,2020-03-14T17:00:00,4,19,94,256,5,5,379
384,2020-03-14T17:00:00,5,119,366,1290,107,55,1937
385,2020-03-14T17:00:00,6,11,67,193,17,13,301
386,2020-03-14T17:00:00,7,62,213,109,52,27,463
387,2020-03-14T17:00:00,8,152,1076,1121,54,241,2644
388,2020-03-14T17:00:00,9,87,160,367,10,6,630
389,2020-03-14T17:00:00,10,11,21,71,3,1,107
390,2020-03-14T17:00:00,11,93,449,321,0,36,899
391,2020-03-14T17:00:00,12,25,181,114,24,13,357
392,2020-03-14T17:00:00,13,14,51,41,4,2,112
393,2020-03-14T17:00:00,14,3,5,9,0,0,17
394,2020-03-14T17:00:00,15,17,72,154,23,6,272
395,2020-03-14T17:00:00,16,6,91,59,2,8,166
396,2020-03-14T17:00:00,17,2,0,8,0,0,10
397,2020-03-14T17:00:00,18,4,22,33,1,0,60
398,2020-03-14T17:00:00,19,11,42,97,4,2,156
399,2020-03-14T17:00:00,20,0,14,33,0,0,47
400,2020-03-15T17:00:00,1,171,726,133,0,81,1111
401,2020-03-15T17:00:00,2,3,10,43,0,1,57
402,2020-03-15T17:00:00,3,767,5500,3776,2011,1218,13272
403,2020-03-15T17:00:00,4,23,123,420,5,11,582
404,2020-03-15T17:00:00,5,129,426,1434,120,63,2172
405,2020-03-15T17:00:00,6,12,98,206,17,14,347
406,2020-03-15T17:00:00,7,66,253,174,33,33,559
407,2020-03-15T17:00:00,8,169,1215,1357,68,284,3093
408,2020-03-15T17:00:00,9,107,175,481,10,8,781
409,2020-03-15T17:00:00,10,13,25,101,3,1,143
410,2020-03-15T17:00:00,11,98,521,468,0,46,1133
411,2020-03-15T17:00:00,12,31,223,142,24,16,436
412,2020-03-15T17:00:00,13,28,72,28,6,3,137
413,2020-03-15T17:00:00,14,4,3,10,0,0,17
414,2020-03-15T17:00:00,15,22,73,201,28,9,333
415,2020-03-15T17:00:00,16,6,116,90,2,16,230
416,2020-03-15T17:00:00,17,2,0,9,0,0,11
417,2020-03-15T17:00:00,18,6,32,28,1,1,68
418,2020-03-15T17:00:00,19,15,56,108,7,2,188
419,2020-03-15T17:00:00,20,0,16,59,0,2,77
420,2020-03-16T17:00:00,1,186,1045,174,0,111,1516
421,2020-03-16T17:00:00,2,5,28,70,0,2,105
422,2020-03-16T17:00:00,3,823,6171,3867,2368,1420,14649
423,2020-03-16T17:00:00,4,30,126,446,5,12,619
424,2020-03-16T17:00:00,5,156,498,1620,130,69,2473
425,2020-03-16T17:00:00,6,19,96,231,18,22,386
426,2020-03-16T17:00:00,7,73,255,247,42,50,667
427,2020-03-16T17:00:00,8,197,1362,1529,88,346,3522
428,2020-03-16T17:00:00,9,107,175,559,11,14,866
429,2020-03-16T17:00:00,10,15,30,114,4,1,164
430,2020-03-16T17:00:00,11,110,528,547,0,57,1242
431,2020-03-16T17:00:00,12,31,267,174,32,19,523
432,2020-03-16T17:00:00,13,37,71,57,7,4,176
433,2020-03-16T17:00:00,14,5,3,7,5,1,21
434,2020-03-16T17:00:00,15,22,103,238,28,9,400
435,2020-03-16T17:00:00,16,6,116,90,2,16,230
436,2020-03-16T17:00:00,17,2,1,9,0,0,12
437,2020-03-16T17:00:00,18,7,36,44,1,1,89
438,2020-03-16T17:00:00,19,20,75,108,8,2,213
439,2020-03-16T17:00:00,20,0,39,66,0,2,107
440,2020-03-17T17:00:00,1,206,1378,180,0,133,1897
441,2020-03-17T17:00:00,2,6,35,93,0,2,136
442,2020-03-17T17:00:00,3,879,6953,4263,2485,1640,16220
443,2020-03-17T17:00:00,4,33,178,439,11,15,676
444,2020-03-17T17:00:00,5,171,548,1769,136,80,2704
445,2020-03-17T17:00:00,6,21,104,222,17,30,394
446,2020-03-17T17:00:00,7,85,299,277,57,60,778
447,2020-03-17T17:00:00,8,223,1566,1615,134,393,3931
448,2020-03-17T17:00:00,9,143,329,552,12,17,1053
449,2020-03-17T17:00:00,10,21,36,135,4,1,197
450,2020-03-17T17:00:00,11,109,599,594,0,69,1371
451,2020-03-17T17:00:00,12,44,314,192,34,23,607
452,2020-03-17T17:00:00,13,32,94,90,7,6,229
453,2020-03-17T17:00:00,14,5,7,7,5,1,25
454,2020-03-17T17:00:00,15,24,127,272,28,9,460
455,2020-03-17T17:00:00,16,14,155,151,2,18,340
456,2020-03-17T17:00:00,17,2,5,13,0,0,20
457,2020-03-17T17:00:00,18,10,45,57,1,1,114
458,2020-03-17T17:00:00,19,28,86,112,8,3,237
459,2020-03-17T17:00:00,20,4,36,75,0,2,117
460,2020-03-18T17:00:00,1,227,1780,180,0,154,2341
461,2020-03-18T17:00:00,2,3,41,118,0,3,165
462,2020-03-18T17:00:00,3,924,7285,4057,3488,1959,17713
463,2020-03-18T17:00:00,4,40,220,542,13,16,831
464,2020-03-18T17:00:00,5,195,646,2112,167,94,3214
465,2020-03-18T17:00:00,6,27,128,261,15,31,462
466,2020-03-18T17:00:00,7,100,401,243,70,73,887
467,2020-03-18T17:00:00,8,247,1784,1884,152,458,4525
468,2020-03-18T17:00:00,9,160,427,704,17,22,1330
469,2020-03-18T17:00:00,10,21,54,166,4,2,247
470,2020-03-18T17:00:00,11,119,638,719,0,92,1568
471,2020-03-18T17:00:00,12,44,374,232,42,32,724
472,2020-03-18T17:00:00,13,41,99,109,7,7,263
473,2020-03-18T17:00:00,14,6,7,8,6,1,28
474,2020-03-18T17:00:00,15,24,127,272,28,9,460
475,2020-03-18T17:00:00,16,30,156,176,2,19,383
476,2020-03-18T17:00:00,17,2,9,16,0,0,27
477,2020-03-18T17:00:00,18,11,45,70,2,1,129
478,2020-03-18T17:00:00,19,29,100,138,12,3,282
479,2020-03-18T17:00:00,20,7,42,83,0,2,134
480,2020-03-19T17:00:00,1,257,2279,218,3,175,2932
481,2020-03-19T17:00:00,2,9,47,153,0,6,215
482,2020-03-19T17:00:00,3,1006,7387,5545,3778,2168,19884
483,2020-03-19T17:00:00,4,48,256,608,21,26,959
484,2020-03-19T17:00:00,5,209,771,2189,200,115,3484
485,2020-03-19T17:00:00,6,29,134,359,41,36,599
486,2020-03-19T17:00:00,7,112,491,280,85,91,1059
487,2020-03-19T17:00:00,8,260,1900,2346,177,531,5214
488,2020-03-19T17:00:00,9,178,501,743,22,38,1482
489,2020-03-19T17:00:00,10,21,69,238,4,2,334
490,2020-03-19T17:00:00,11,141,656,825,0,115,1737
491,2020-03-19T17:00:00,12,45,426,270,44,38,823
492,2020-03-19T17:00:00,13,47,181,138,8,11,385
493,2020-03-19T17:00:00,14,6,19,13,6,2,46
494,2020-03-19T17:00:00,15,36,213,356,30,17,652
495,2020-03-19T17:00:00,16,31,173,245,4,25,478
496,2020-03-19T17:00:00,17,5,8,24,0,0,37
497,2020-03-19T17:00:00,18,13,60,91,2,3,169
498,2020-03-19T17:00:00,19,36,143,142,15,4,340
499,2020-03-19T17:00:00,20,9,43,152,0,2,206
500,2020-03-20T17:00:00,1,280,1541,1423,8,209,3461
501,2020-03-20T17:00:00,2,9,54,194,0,7,264
502,2020-03-20T17:00:00,3,1050,7735,6635,4295,2549,22264
503,2020-03-20T17:00:00,4,58,297,775,30,30,1190
504,2020-03-20T17:00:00,5,236,843,2598,223,131,4031
505,2020-03-20T17:00:00,6,32,143,380,63,38,656
506,2020-03-20T17:00:00,7,121,573,307,101,119,1221
507,2020-03-20T17:00:00,8,267,2083,2739,239,640,5968
508,2020-03-20T17:00:00,9,189,601,923,33,47,1793
509,2020-03-20T17:00:00,10,24,75,285,4,7,395
510,2020-03-20T17:00:00,11,138,704,1002,0,137,1981
511,2020-03-20T17:00:00,12,47,537,328,53,43,1008
512,2020-03-20T17:00:00,13,48,190,184,10,17,449
513,2020-03-20T17:00:00,14,6,20,13,6,5,50
514,2020-03-20T17:00:00,15,41,130,531,30,17,749
515,2020-03-20T17:00:00,16,31,191,329,4,26,581
516,2020-03-20T17:00:00,17,5,8,39,0,0,52
517,2020-03-20T17:00:00,18,16,71,114,2,4,207
518,2020-03-20T17:00:00,19,42,168,169,25,4,408
519,2020-03-20T17:00:00,20,15,56,217,3,2,293
520,2020-03-21T17:00:00,1,301,1976,1229,8,238,3752
521,2020-03-21T17:00:00,2,15,62,227,1,8,313
522,2020-03-21T17:00:00,3,1093,8258,8019,5050,3095,25515
523,2020-03-21T17:00:00,4,69,360,891,35,48,1403
524,2020-03-21T17:00:00,5,249,942,3023,257,146,4617
525,2020-03-21T17:00:00,6,37,152,477,82,42,790
526,2020-03-21T17:00:00,7,129,598,432,125,152,1436
527,2020-03-21T17:00:00,8,265,2267,3129,329,715,6705
528,2020-03-21T17:00:00,9,202,664,1039,35,72,2012
529,2020-03-21T17:00:00,10,29,92,326,5,10,462
530,2020-03-21T17:00:00,11,141,742,1114,2,154,2153
531,2020-03-21T17:00:00,12,70,591,425,54,50,1190
532,2020-03-21T17:00:00,13,44,185,265,13,22,529
533,2020-03-21T17:00:00,14,6,21,20,7,7,61
534,2020-03-21T17:00:00,15,87,233,473,29,22,844
535,2020-03-21T17:00:00,16,33,209,400,4,29,675
536,2020-03-21T17:00:00,17,7,12,47,0,0,66
537,2020-03-21T17:00:00,18,16,73,136,5,5,235
538,2020-03-21T17:00:00,19,48,206,204,26,6,490
539,2020-03-21T17:00:00,20,16,65,240,5,4,330
540,2020-03-22T17:00:00,1,308,2118,1701,10,283,4420
541,2020-03-22T17:00:00,2,21,63,270,1,9,364
542,2020-03-22T17:00:00,3,1142,9439,7304,5865,3456,27206
543,2020-03-22T17:00:00,4,78,381,1074,41,58,1632
544,2020-03-22T17:00:00,5,255,1113,3276,309,169,5122
545,2020-03-22T17:00:00,6,47,163,528,89,47,874
546,2020-03-22T17:00:00,7,132,736,483,143,171,1665
547,2020-03-22T17:00:00,8,269,2429,3692,349,816,7555
548,2020-03-22T17:00:00,9,215,706,1223,42,91,2277
549,2020-03-22T17:00:00,10,35,97,368,5,16,521
550,2020-03-22T17:00:00,11,138,816,1277,6,184,2421
551,2020-03-22T17:00:00,12,79,671,522,58,53,1383
552,2020-03-22T17:00:00,13,49,218,272,15,33,587
553,2020-03-22T17:00:00,14,7,24,21,7,7,66
554,2020-03-22T17:00:00,15,99,243,524,41,29,936
555,2020-03-22T17:00:00,16,37,252,459,7,31,786
556,2020-03-22T17:00:00,17,10,13,58,0,0,81
557,2020-03-22T17:00:00,18,17,77,166,5,8,273
558,2020-03-22T17:00:00,19,55,220,321,26,8,630
559,2020-03-22T17:00:00,20,16,67,244,5,7,339
560,2020-03-23T17:00:00,1,343,2194,1992,17,315,4861
561,2020-03-23T17:00:00,2,20,69,290,2,12,393
562,2020-03-23T17:00:00,3,1183,9266,8461,6075,3776,28761
563,2020-03-23T17:00:00,4,79,394,1129,75,70,1747
564,2020-03-23T17:00:00,5,281,1206,3499,327,192,5505
565,2020-03-23T17:00:00,6,41,185,545,105,54,930
566,2020-03-23T17:00:00,7,133,761,659,159,212,1924
567,2020-03-23T17:00:00,8,276,2846,4098,423,892,8535
568,2020-03-23T17:00:00,9,238,838,1225,51,109,2461
569,2020-03-23T17:00:00,10,42,106,408,5,16,577
570,2020-03-23T17:00:00,11,148,882,1328,8,203,2569
571,2020-03-23T17:00:00,12,96,718,600,63,63,1540
572,2020-03-23T17:00:00,13,52,228,325,20,38,663
573,2020-03-23T17:00:00,14,7,25,18,10,7,67
574,2020-03-23T17:00:00,15,110,266,553,48,49,1026
575,2020-03-23T17:00:00,16,45,285,532,7,37,906
576,2020-03-23T17:00:00,17,12,15,62,0,1,90
577,2020-03-23T17:00:00,18,20,82,178,5,7,292
578,2020-03-23T17:00:00,19,60,250,371,27,13,721
579,2020-03-23T17:00:00,20,18,76,249,5,11,359
580,2020-03-24T17:00:00,1,360,2404,2360,17,374,5515
581,2020-03-24T17:00:00,2,20,71,288,2,19,400
582,2020-03-24T17:00:00,3,1194,9711,8963,6657,4178,30703
583,2020-03-24T17:00:00,4,87,474,1113,123,94,1891
584,2020-03-24T17:00:00,5,304,1318,3729,381,216,5948
585,2020-03-24T17:00:00,6,49,195,604,80,64,992
586,2020-03-24T17:00:00,7,147,803,742,193,231,2116
587,2020-03-24T17:00:00,8,291,2974,4446,558,985,9254
588,2020-03-24T17:00:00,9,244,918,1357,51,129,2699
589,2020-03-24T17:00:00,10,43,105,476,5,19,648
590,2020-03-24T17:00:00,11,149,862,1486,8,231,2736
591,2020-03-24T17:00:00,12,94,747,704,103,80,1728
592,2020-03-24T17:00:00,13,57,234,331,21,46,689
593,2020-03-24T17:00:00,14,7,27,21,10,8,73
594,2020-03-24T17:00:00,15,181,345,466,53,56,1101
595,2020-03-24T17:00:00,16,57,317,566,21,44,1005
596,2020-03-24T17:00:00,17,12,14,65,0,1,92
597,2020-03-24T17:00:00,18,21,88,195,5,10,319
598,2020-03-24T17:00:00,19,60,250,489,27,20,846
599,2020-03-24T17:00:00,20,19,80,296,11,15,421
600,2020-03-25T17:00:00,1,381,2544,2631,19,449,6024
601,2020-03-25T17:00:00,2,25,70,280,2,24,401
602,2020-03-25T17:00:00,3,1236,10026,9329,7281,4474,32346
603,2020-03-25T17:00:00,4,105,498,1203,157,117,2080
604,2020-03-25T17:00:00,5,316,1407,4022,439,258,6442
605,2020-03-25T17:00:00,6,52,200,659,158,70,1139
606,2020-03-25T17:00:00,7,147,927,752,225,254,2305
607,2020-03-25T17:00:00,8,294,3180,4782,721,1077,10054
608,2020-03-25T17:00:00,9,251,999,1526,54,142,2972
609,2020-03-25T17:00:00,10,44,123,519,5,19,710
610,2020-03-25T17:00:00,11,148,938,1553,8,287,2934
611,2020-03-25T17:00:00,12,101,805,769,131,95,1901
612,2020-03-25T17:00:00,13,59,248,431,23,52,813
613,2020-03-25T17:00:00,14,7,26,20,12,8,73
614,2020-03-25T17:00:00,15,123,318,631,53,74,1199
615,2020-03-25T17:00:00,16,64,349,610,22,48,1093
616,2020-03-25T17:00:00,17,14,20,78,0,1,113
617,2020-03-25T17:00:00,18,23,93,217,7,11,351
618,2020-03-25T17:00:00,19,80,259,597,33,25,994
619,2020-03-25T17:00:00,20,19,82,311,12,18,442
620,2020-03-26T17:00:00,1,408,2633,2909,135,449,6534
621,2020-03-26T17:00:00,2,24,73,281,2,28,408
622,2020-03-26T17:00:00,3,1263,10681,10245,7839,4861,34889
623,2020-03-26T17:00:00,4,109,523,1253,184,134,2203
624,2020-03-26T17:00:00,5,326,1447,4367,508,287,6935
625,2020-03-26T17:00:00,6,54,212,688,197,72,1223
626,2020-03-26T17:00:00,7,154,998,875,260,280,2567
627,2020-03-26T17:00:00,8,301,3354,5195,792,1174,10816
628,2020-03-26T17:00:00,9,259,1037,1677,95,158,3226
629,2020-03-26T17:00:00,10,46,144,580,12,20,802
630,2020-03-26T17:00:00,11,166,977,1652,9,310,3114
631,2020-03-26T17:00:00,12,113,878,844,155,106,2096
632,2020-03-26T17:00:00,13,64,280,516,23,63,946
633,2020-03-26T17:00:00,14,8,27,46,14,8,103
634,2020-03-26T17:00:00,15,114,448,607,58,83,1310
635,2020-03-26T17:00:00,16,76,480,539,22,65,1182
636,2020-03-26T17:00:00,17,16,22,95,0,1,134
637,2020-03-26T17:00:00,18,23,101,248,7,14,393
638,2020-03-26T17:00:00,19,68,346,681,36,33,1164
639,2020-03-26T17:00:00,20,20,92,350,13,19,494
640,2020-03-27T17:00:00,1,431,2852,3064,176,569,7092
641,2020-03-27T17:00:00,2,24,91,298,2,37,452
642,2020-03-27T17:00:00,3,1292,11137,11466,8001,5402,37298
643,2020-03-27T17:00:00,4,111,590,1296,235,162,2394
644,2020-03-27T17:00:00,5,338,1536,4774,536,313,7497
645,2020-03-27T17:00:00,6,57,222,748,214,76,1317
646,2020-03-27T17:00:00,7,157,1023,880,305,331,2696
647,2020-03-27T17:00:00,8,308,3461,5592,960,1267,11588
648,2020-03-27T17:00:00,9,274,1053,1843,103,177,3450
649,2020-03-27T17:00:00,10,46,149,629,39,21,884
650,2020-03-27T17:00:00,11,162,979,1709,10,336,3196
651,2020-03-27T17:00:00,12,126,992,895,164,118,2295
652,2020-03-27T17:00:00,13,71,289,565,24,68,1017
653,2020-03-27T17:00:00,14,9,26,51,14,9,109
654,2020-03-27T17:00:00,15,113,456,723,64,98,1454
655,2020-03-27T17:00:00,16,82,530,624,29,69,1334
656,2020-03-27T17:00:00,17,15,22,110,1,3,151
657,2020-03-27T17:00:00,18,22,103,344,7,18,494
658,2020-03-27T17:00:00,19,75,425,658,53,39,1250
659,2020-03-27T17:00:00,20,19,93,384,13,21,530
660,2020-03-28T17:00:00,1,439,3094,3318,203,617,7671
661,2020-03-28T17:00:00,2,26,90,352,2,41,511
662,2020-03-28T17:00:00,3,1319,11152,12038,8962,5944,39415
663,2020-03-28T17:00:00,4,123,576,1464,267,184,2614
664,2020-03-28T17:00:00,5,344,1559,5010,655,362,7930
665,2020-03-28T17:00:00,6,59,223,838,229,87,1436
666,2020-03-28T17:00:00,7,167,1031,888,378,358,2822
667,2020-03-28T17:00:00,8,316,3695,5953,1075,1344,12383
668,2020-03-28T17:00:00,9,277,1093,2141,108,198,3817
669,2020-03-28T17:00:00,10,44,159,695,43,28,969
670,2020-03-28T17:00:00,11,166,987,1846,10,364,3373
671,2020-03-28T17:00:00,12,133,985,1063,200,124,2505
672,2020-03-28T17:00:00,13,70,311,646,30,76,1133
673,2020-03-28T17:00:00,14,9,26,63,16,9,123
674,2020-03-28T17:00:00,15,132,463,812,76,109,1592
675,2020-03-28T17:00:00,16,98,563,697,29,71,1458
676,2020-03-28T17:00:00,17,19,26,133,1,3,182
677,2020-03-28T17:00:00,18,22,107,394,11,21,555
678,2020-03-28T17:00:00,19,71,441,730,60,57,1359
679,2020-03-28T17:00:00,20,22,95,452,29,26,624
680,2020-03-29T17:00:00,1,443,2985,3840,254,684,8206
681,2020-03-29T17:00:00,2,26,90,423,2,43,584
682,2020-03-29T17:00:00,3,1328,11613,12451,9255,6360,41007
683,2020-03-29T17:00:00,4,131,590,1606,288,193,2808
684,2020-03-29T17:00:00,5,355,1586,5310,715,392,8358
685,2020-03-29T17:00:00,6,60,236,845,241,98,1480
686,2020-03-29T17:00:00,7,166,1077,1036,420,377,3076
687,2020-03-29T17:00:00,8,333,3769,6433,1141,1443,13119
688,2020-03-29T17:00:00,9,275,1111,2400,121,215,4122
689,2020-03-29T17:00:00,10,46,166,685,95,31,1023
690,2020-03-29T17:00:00,11,168,1000,1992,12,386,3558
691,2020-03-29T17:00:00,12,133,1062,1167,208,136,2706
692,2020-03-29T17:00:00,13,68,329,772,36,88,1293
693,2020-03-29T17:00:00,14,9,25,66,18,9,127
694,2020-03-29T17:00:00,15,135,476,945,86,117,1759
695,2020-03-29T17:00:00,16,99,559,774,31,86,1549
696,2020-03-29T17:00:00,17,18,32,147,1,4,202
697,2020-03-29T17:00:00,18,19,124,434,12,25,614
698,2020-03-29T17:00:00,19,71,451,808,65,65,1460
699,2020-03-29T17:00:00,20,23,105,454,29,27,638
700,2020-03-30T17:00:00,1,452,2985,4218,308,749,8712
701,2020-03-30T17:00:00,2,26,92,400,16,50,584
702,2020-03-30T17:00:00,3,1330,11815,11861,10337,6818,42161
703,2020-03-30T17:00:00,4,140,584,1731,331,221,3007
704,2020-03-30T17:00:00,5,356,1633,5575,747,413,8724
705,2020-03-30T17:00:00,6,60,229,820,285,107,1501
706,2020-03-30T17:00:00,7,175,1142,1066,437,397,3217
707,2020-03-30T17:00:00,8,351,3779,6636,1227,1538,13531
708,2020-03-30T17:00:00,9,279,1116,2655,131,231,4412
709,2020-03-30T17:00:00,10,47,173,614,184,33,1051
710,2020-03-30T17:00:00,11,167,998,2086,16,417,3684
711,2020-03-30T17:00:00,12,154,1079,1264,267,150,2914
712,2020-03-30T17:00:00,13,69,322,778,74,102,1345
713,2020-03-30T17:00:00,14,8,27,72,18,9,134
714,2020-03-30T17:00:00,15,126,468,1145,88,125,1952
715,2020-03-30T17:00:00,16,106,590,889,36,91,1712
716,2020-03-30T17:00:00,17,18,36,154,1,5,214
717,2020-03-30T17:00:00,18,18,130,454,14,31,647
718,2020-03-30T17:00:00,19,75,484,849,71,76,1555
719,2020-03-30T17:00:00,20,24,113,485,32,28,682
720,2020-03-31T17:00:00,1,452,3174,4456,365,854,9301
721,2020-03-31T17:00:00,2,26,91,435,20,56,628
722,2020-03-31T17:00:00,3,1324,11883,11917,10885,7199,43208
723,2020-03-31T17:00:00,4,142,603,1786,346,240,3117
724,2020-03-31T17:00:00,5,356,1680,5814,828,477,9155
725,2020-03-31T17:00:00,6,60,215,885,320,113,1593
726,2020-03-31T17:00:00,7,179,1153,1176,480,428,3416
727,2020-03-31T17:00:00,8,353,3765,6835,1477,1644,14074
728,2020-03-31T17:00:00,9,293,1120,2813,138,244,4608
729,2020-03-31T17:00:00,10,43,176,632,190,37,1078
730,2020-03-31T17:00:00,11,169,946,2237,21,452,3825
731,2020-03-31T17:00:00,12,173,1127,1342,291,162,3095
732,2020-03-31T17:00:00,13,73,335,783,95,115,1401
733,2020-03-31T17:00:00,14,8,29,80,18,9,144
734,2020-03-31T17:00:00,15,133,501,1237,88,133,2092
735,2020-03-31T17:00:00,16,105,609,940,39,110,1803
736,2020-03-31T17:00:00,17,17,37,162,3,7,226
737,2020-03-31T17:00:00,18,17,132,457,17,36,659
738,2020-03-31T17:00:00,19,72,503,917,74,81,1647
739,2020-03-31T17:00:00,20,28,113,516,34,31,722
740,2020-04-01T17:00:00,1,453,3146,4871,439,886,9795
741,2020-04-01T17:00:00,2,27,85,428,32,59,631
742,2020-04-01T17:00:00,3,1342,11927,12496,11415,7593,44773
743,2020-04-01T17:00:00,4,133,614,1848,404,289,3288
744,2020-04-01T17:00:00,5,350,1718,6156,902,499,9625
745,2020-04-01T17:00:00,6,60,206,940,357,122,1685
746,2020-04-01T17:00:00,7,179,1114,1352,555,460,3660
747,2020-04-01T17:00:00,8,359,3898,7232,1566,1732,14787
748,2020-04-01T17:00:00,9,297,1120,3015,182,253,4867
749,2020-04-01T17:00:00,10,45,173,646,194,37,1095
750,2020-04-01T17:00:00,11,168,984,2304,29,477,3962
751,2020-04-01T17:00:00,12,177,1131,1450,337,169,3264
752,2020-04-01T17:00:00,13,71,342,798,102,123,1436
753,2020-04-01T17:00:00,14,8,32,91,19,10,160
754,2020-04-01T17:00:00,15,129,478,1369,107,148,2231
755,2020-04-01T17:00:00,16,107,637,1012,61,129,1946
756,2020-04-01T17:00:00,17,15,39,171,3,9,237
757,2020-04-01T17:00:00,18,16,144,450,21,38,669
758,2020-04-01T17:00:00,19,72,496,976,86,88,1718
759,2020-04-01T17:00:00,20,27,119,529,36,34,745
760,2020-04-02T17:00:00,1,453,3341,5005,571,983,10353
761,2020-04-02T17:00:00,2,25,85,446,49,63,668
762,2020-04-02T17:00:00,3,1351,11762,12763,12229,7960,46065
763,2020-04-02T17:00:00,4,138,618,1991,419,316,3482
764,2020-04-02T17:00:00,5,345,1670,6563,1001,532,10111
765,2020-04-02T17:00:00,6,60,199,1035,376,129,1799
766,2020-04-02T17:00:00,7,172,1120,1368,634,488,3782
767,2020-04-02T17:00:00,8,366,3944,7549,1663,1811,15333
768,2020-04-02T17:00:00,9,295,1135,3359,216,268,5273
769,2020-04-02T17:00:00,10,47,171,667,205,38,1128
770,2020-04-02T17:00:00,11,164,986,2405,40,503,4098
771,2020-04-02T17:00:00,12,181,1169,1529,369,185,3433
772,2020-04-02T17:00:00,13,75,341,835,113,133,1497
773,2020-04-02T17:00:00,14,8,30,95,21,11,165
774,2020-04-02T17:00:00,15,120,503,1517,149,167,2456
775,2020-04-02T17:00:00,16,118,645,1101,69,144,2077
776,2020-04-02T17:00:00,17,19,38,176,3,10,246
777,2020-04-02T17:00:00,18,19,163,445,23,41,691
778,2020-04-02T17:00:00,19,73,503,1030,92,93,1791
779,2020-04-02T17:00:00,20,24,117,577,36,40,794
780,2020-04-03T17:00:00,1,452,3300,5378,723,1043,10896
781,2020-04-03T17:00:00,2,25,85,450,89,70,719
782,2020-04-03T17:00:00,3,1381,11802,13006,13020,8311,47520
783,2020-04-03T17:00:00,4,140,634,2094,457,343,3668
784,2020-04-03T17:00:00,5,335,1714,6812,1031,572,10464
785,2020-04-03T17:00:00,6,61,201,1062,419,136,1879
786,2020-04-03T17:00:00,7,173,1147,1426,700,519,3965
787,2020-04-03T17:00:00,8,364,3915,7899,1852,1902,15932
788,2020-04-03T17:00:00,9,288,1149,3472,300,290,5499
789,2020-04-03T17:00:00,10,48,165,707,220,39,1179
790,2020-04-03T17:00:00,11,158,982,2491,42,557,4230
791,2020-04-03T17:00:00,12,188,1194,1627,392,199,3600
792,2020-04-03T17:00:00,13,76,361,864,116,146,1563
793,2020-04-03T17:00:00,14,8,31,105,21,11,176
794,2020-04-03T17:00:00,15,115,532,1705,144,181,2677
795,2020-04-03T17:00:00,16,123,648,1178,69,164,2182
796,2020-04-03T17:00:00,17,19,41,187,3,11,261
797,2020-04-03T17:00:00,18,17,183,462,26,45,733
798,2020-04-03T17:00:00,19,73,535,1056,94,101,1859
799,2020-04-03T17:00:00,20,24,122,598,40,41,825
800,2020-04-04T17:00:00,1,450,3441,5802,888,1128,11709
801,2020-04-04T17:00:00,2,23,63,474,106,82,748
802,2020-04-04T17:00:00,3,1326,12002,13892,13242,8656,49118
803,2020-04-04T17:00:00,4,142,644,2168,502,356,3812
804,2020-04-04T17:00:00,5,324,1691,7078,1124,607,10824
805,2020-04-04T17:00:00,6,50,183,1103,505,145,1986
806,2020-04-04T17:00:00,7,169,1121,1604,767,542,4203
807,2020-04-04T17:00:00,8,358,3859,8306,2040,1977,16540
808,2020-04-04T17:00:00,9,286,1129,3639,310,307,5671
809,2020-04-04T17:00:00,10,44,167,716,242,41,1210
810,2020-04-04T17:00:00,11,153,997,2347,270,574,4341
811,2020-04-04T17:00:00,12,193,1236,1677,439,212,3757
812,2020-04-04T17:00:00,13,71,354,931,119,153,1628
813,2020-04-04T17:00:00,14,6,31,134,24,11,206
814,2020-04-04T17:00:00,15,114,567,1815,146,186,2828
815,2020-04-04T17:00:00,16,153,627,1193,94,173,2240
816,2020-04-04T17:00:00,17,19,44,181,9,11,264
817,2020-04-04T17:00:00,18,15,178,469,30,49,741
818,2020-04-04T17:00:00,19,74,553,1099,95,111,1932
819,2020-04-04T17:00:00,20,24,123,642,44,41,874
820,2020-04-05T17:00:00,1,444,3472,6261,1017,1168,12362
821,2020-04-05T17:00:00,2,23,96,457,115,91,782
822,2020-04-05T17:00:00,3,1317,12009,14798,13426,8905,50455
823,2020-04-05T17:00:00,4,133,591,2297,533,375,3929
824,2020-04-05T17:00:00,5,329,1674,7406,1186,631,11226
825,2020-04-05T17:00:00,6,50,185,1128,531,154,2048
826,2020-04-05T17:00:00,7,165,1126,1802,800,556,4449
827,2020-04-05T17:00:00,8,375,3839,8623,2201,2051,17089
828,2020-04-05T17:00:00,9,276,1111,3798,337,325,5847
829,2020-04-05T17:00:00,10,45,159,694,298,43,1239
830,2020-04-05T17:00:00,11,151,987,2440,287,599,4464
831,2020-04-05T17:00:00,12,197,1235,1754,475,219,3880
832,2020-04-05T17:00:00,13,67,347,1006,125,158,1703
833,2020-04-05T17:00:00,14,6,33,148,24,13,224
834,2020-04-05T17:00:00,15,108,609,1904,150,189,2960
835,2020-04-05T17:00:00,16,159,574,1289,113,182,2317
836,2020-04-05T17:00:00,17,18,46,190,11,13,278
837,2020-04-05T17:00:00,18,13,174,519,33,56,795
838,2020-04-05T17:00:00,19,76,556,1142,104,116,1994
839,2020-04-05T17:00:00,20,25,126,664,49,43,907
840,2020-04-06T17:00:00,1,438,3484,6623,1128,1251,12924
841,2020-04-06T17:00:00,2,21,109,437,142,96,805
842,2020-04-06T17:00:00,3,1343,11914,15212,13863,9202,51534
843,2020-04-06T17:00:00,4,131,599,2368,578,394,4070
844,2020-04-06T17:00:00,5,322,1714,7686,1204,662,11588
845,2020-04-06T17:00:00,6,46,189,1161,549,158,2103
846,2020-04-06T17:00:00,7,162,1141,1814,837,595,4549
847,2020-04-06T17:00:00,8,372,3804,8875,2397,2108,17556
848,2020-04-06T17:00:00,9,279,1116,3906,350,350,6001
849,2020-04-06T17:00:00,10,46,159,667,337,44,1253
850,2020-04-06T17:00:00,11,140,1001,2565,296,612,4614
851,2020-04-06T17:00:00,12,197,1235,1868,502,229,4031
852,2020-04-06T17:00:00,13,66,340,1019,127,169,1721
853,2020-04-06T17:00:00,14,5,34,148,24,13,224
854,2020-04-06T17:00:00,15,101,610,1987,156,204,3058
855,2020-04-06T17:00:00,16,97,625,1393,134,195,2444
856,2020-04-06T17:00:00,17,18,46,198,12,13,287
857,2020-04-06T17:00:00,18,14,170,538,37,58,817
858,2020-04-06T17:00:00,19,74,563,1178,108,123,2046
859,2020-04-06T17:00:00,20,26,123,670,56,47,922
860,2020-04-07T17:00:00,1,432,3553,6719,1320,1319,13343
861,2020-04-07T17:00:00,2,17,118,458,142,100,835
862,2020-04-07T17:00:00,3,1305,11833,15205,14498,9484,52325
863,2020-04-07T17:00:00,4,142,685,2364,678,418,4287
864,2020-04-07T17:00:00,5,297,1579,8089,1265,695,11925
865,2020-04-07T17:00:00,6,44,185,1150,610,164,2153
866,2020-04-07T17:00:00,7,156,1090,1966,925,620,4757
867,2020-04-07T17:00:00,8,366,3750,8932,2597,2180,17825
868,2020-04-07T17:00:00,9,263,1087,4077,377,369,6173
869,2020-04-07T17:00:00,10,41,157,648,368,49,1263
870,2020-04-07T17:00:00,11,139,962,2637,342,630,4710
871,2020-04-07T17:00:00,12,192,1229,1944,546,238,4149
872,2020-04-07T17:00:00,13,67,337,1087,136,172,1799
873,2020-04-07T17:00:00,14,5,35,145,26,13,224
874,2020-04-07T17:00:00,15,103,603,2059,167,216,3148
875,2020-04-07T17:00:00,16,93,615,1429,168,209,2514
876,2020-04-07T17:00:00,17,17,47,201,12,14,291
877,2020-04-07T17:00:00,18,14,169,550,40,60,833
878,2020-04-07T17:00:00,19,73,562,1224,113,125,2097
879,2020-04-07T17:00:00,20,26,122,673,62,52,935
880,2020-04-08T17:00:00,1,423,3493,7073,1516,1378,13883
881,2020-04-08T17:00:00,2,20,120,466,142,102,850
882,2020-04-08T17:00:00,3,1257,11719,15569,15147,9722,53414
883,2020-04-08T17:00:00,4,142,622,2457,778,438,4437
884,2020-04-08T17:00:00,5,285,1554,8332,1503,736,12410
885,2020-04-08T17:00:00,6,41,162,1212,634,169,2218
886,2020-04-08T17:00:00,7,153,1109,1983,1007,654,4906
887,2020-04-08T17:00:00,8,361,3769,8980,2890,2234,18234
888,2020-04-08T17:00:00,9,260,1066,4231,430,392,6379
889,2020-04-08T17:00:00,10,41,155,627,416,50,1289
890,2020-04-08T17:00:00,11,133,974,2455,645,652,4859
891,2020-04-08T17:00:00,12,196,1241,2011,574,244,4266
892,2020-04-08T17:00:00,13,62,331,1141,146,179,1859
893,2020-04-08T17:00:00,14,4,30,147,32,13,226
894,2020-04-08T17:00:00,15,97,608,2154,188,221,3268
895,2020-04-08T17:00:00,16,90,639,1509,177,219,2634
896,2020-04-08T17:00:00,17,17,48,205,13,14,297
897,2020-04-08T17:00:00,18,15,170,570,44,60,859
898,2020-04-08T17:00:00,19,65,563,1265,133,133,2159
899,2020-04-08T17:00:00,20,31,112,697,76,59,975
900,2020-04-09T17:00:00,1,412,3514,7410,1732,1454,14522
901,2020-04-09T17:00:00,2,18,118,473,154,105,868
902,2020-04-09T17:00:00,3,1236,11796,16042,15706,10022,54802
903,2020-04-09T17:00:00,4,133,608,2552,863,455,4611
904,2020-04-09T17:00:00,5,274,1530,8645,1728,756,12933
905,2020-04-09T17:00:00,6,37,167,1186,738,171,2299
906,2020-04-09T17:00:00,7,154,1103,1996,1085,682,5020
907,2020-04-09T17:00:00,8,355,3722,9181,3103,2316,18677
908,2020-04-09T17:00:00,9,256,1038,4409,441,408,6552
909,2020-04-09T17:00:00,10,38,154,600,455,51,1298
910,2020-04-09T17:00:00,11,133,945,2323,885,669,4955
911,2020-04-09T17:00:00,12,198,1244,2090,644,253,4429
912,2020-04-09T17:00:00,13,57,306,1203,171,194,1931
913,2020-04-09T17:00:00,14,4,30,155,32,13,234
914,2020-04-09T17:00:00,15,94,604,2175,244,227,3344
915,2020-04-09T17:00:00,16,86,630,1585,190,225,2716
916,2020-04-09T17:00:00,17,17,50,208,13,15,303
917,2020-04-09T17:00:00,18,15,168,582,48,61,874
918,2020-04-09T17:00:00,19,63,566,1313,152,138,2232
919,2020-04-09T17:00:00,20,25,106,745,86,64,1026
920,2020-04-10T17:00:00,1,394,3497,7685,1904,1532,15012
921,2020-04-10T17:00:00,2,16,131,455,170,107,879
922,2020-04-10T17:00:00,3,1202,11877,16451,16280,10238,56048
923,2020-04-10T17:00:00,4,128,593,2590,994,466,4771
924,2020-04-10T17:00:00,5,257,1521,8869,1981,793,13421
925,2020-04-10T17:00:00,6,33,167,1198,772,179,2349
926,2020-04-10T17:00:00,7,151,1076,2074,1181,709,5191
927,2020-04-10T17:00:00,8,349,3596,9405,3381,2397,19128
928,2020-04-10T17:00:00,9,256,1011,4555,451,454,6727
929,2020-04-10T17:00:00,10,39,146,567,498,52,1302
930,2020-04-10T17:00:00,11,127,925,2264,1086,682,5084
931,2020-04-10T17:00:00,12,201,1236,2196,687,263,4583
932,2020-04-10T17:00:00,13,53,305,1277,181,198,2014
933,2020-04-10T17:00:00,14,4,28,161,37,13,243
934,2020-04-10T17:00:00,15,90,600,2273,248,231,3442
935,2020-04-10T17:00:00,16,80,631,1625,235,238,2809
936,2020-04-10T17:00:00,17,15,59,205,14,15,308
937,2020-04-10T17:00:00,18,14,168,604,50,65,901
938,2020-04-10T17:00:00,19,62,568,1337,187,148,2302
939,2020-04-10T17:00:00,20,26,107,743,118,69,1063
940,2020-04-11T17:00:00,1,384,3435,8351,2205,1633,16008
941,2020-04-11T17:00:00,2,17,118,455,205,107,902
942,2020-04-11T17:00:00,3,1174,12026,17058,16823,10511,57592
943,2020-04-11T17:00:00,4,118,581,2634,1110,484,4927
944,2020-04-11T17:00:00,5,251,1465,9033,2188,831,13768
945,2020-04-11T17:00:00,6,28,172,1182,826,185,2393
946,2020-04-11T17:00:00,7,146,1003,2184,1309,734,5376
947,2020-04-11T17:00:00,8,341,3530,9624,3659,2481,19635
948,2020-04-11T17:00:00,9,237,997,4758,499,467,6958
949,2020-04-11T17:00:00,10,39,137,547,534,52,1309
950,2020-04-11T17:00:00,11,118,960,2153,1291,689,5211
951,2020-04-11T17:00:00,12,203,1264,2263,720,273,4723
952,2020-04-11T17:00:00,13,54,315,1355,190,206,2120
953,2020-04-11T17:00:00,14,4,28,161,39,14,246
954,2020-04-11T17:00:00,15,85,582,2335,277,238,3517
955,2020-04-11T17:00:00,16,73,627,1702,249,253,2904
956,2020-04-11T17:00:00,17,12,60,209,14,17,312
957,2020-04-11T17:00:00,18,15,169,608,57,66,915
958,2020-04-11T17:00:00,19,58,562,1381,209,154,2364
959,2020-04-11T17:00:00,20,24,113,751,130,73,1091
960,2020-04-12T17:00:00,1,381,3429,8695,2426,1729,16660
961,2020-04-12T17:00:00,2,16,109,463,221,112,921
962,2020-04-12T17:00:00,3,1176,11969,18120,17166,10621,59052
963,2020-04-12T17:00:00,4,106,505,2986,1056,498,5151
964,2020-04-12T17:00:00,5,249,1428,9052,2492,856,14077
965,2020-04-12T17:00:00,6,28,160,1138,910,195,2431
966,2020-04-12T17:00:00,7,144,1032,2157,1412,749,5494
967,2020-04-12T17:00:00,8,335,3491,9846,3862,2564,20098
968,2020-04-12T17:00:00,9,238,983,4941,578,495,7235
969,2020-04-12T17:00:00,10,39,129,519,580,52,1319
970,2020-04-12T17:00:00,11,114,949,2051,1489,700,5303
971,2020-04-12T17:00:00,12,201,1268,2348,749,279,4845
972,2020-04-12T17:00:00,13,54,346,1342,206,212,2160
973,2020-04-12T17:00:00,14,4,27,171,40,15,257
974,2020-04-12T17:00:00,15,82,526,2449,305,242,3604
975,2020-04-12T17:00:00,16,71,609,1772,277,260,2989
976,2020-04-12T17:00:00,17,12,61,204,20,18,315
977,2020-04-12T17:00:00,18,14,165,616,62,66,923
978,2020-04-12T17:00:00,19,53,552,1425,223,163,2416
979,2020-04-12T17:00:00,20,26,109,768,137,73,1113
980,2020-04-13T17:00:00,1,379,3344,9042,2543,1826,17134
981,2020-04-13T17:00:00,2,15,109,458,230,115,927
982,2020-04-13T17:00:00,3,1143,12028,18764,17478,10901,60314
983,2020-04-13T17:00:00,4,97,516,3004,1146,512,5275
984,2020-04-13T17:00:00,5,245,1427,9094,2603,882,14251
985,2020-04-13T17:00:00,6,30,159,1118,973,202,2482
986,2020-04-13T17:00:00,7,138,1088,2139,1471,760,5596
987,2020-04-13T17:00:00,8,331,3490,9997,4007,2615,20440
988,2020-04-13T17:00:00,9,225,992,5040,615,518,7390
989,2020-04-13T17:00:00,10,38,127,460,643,52,1320
990,2020-04-13T17:00:00,11,108,959,2013,1588,713,5381
991,2020-04-13T17:00:00,12,200,1314,2406,764,284,4968
992,2020-04-13T17:00:00,13,54,351,1373,211,224,2213
993,2020-04-13T17:00:00,14,4,28,170,40,15,257
994,2020-04-13T17:00:00,15,80,606,2376,360,248,3670
995,2020-04-13T17:00:00,16,71,600,1841,286,267,3065
996,2020-04-13T17:00:00,17,12,64,194,31,18,319
997,2020-04-13T17:00:00,18,12,160,619,70,67,928
998,2020-04-13T17:00:00,19,51,554,1445,237,171,2458
999,2020-04-13T17:00:00,20,27,107,780,139,75,1128
1000,2020-04-14T17:00:00,1,367,3395,9293,2708,1927,17690
1001,2020-04-14T17:00:00,2,14,112,433,270,118,947
1002,2020-04-14T17:00:00,3,1122,12077,19164,17821,11142,61326
1003,2020-04-14T17:00:00,4,93,502,3051,1155,524,5325
1004,2020-04-14T17:00:00,5,233,1427,9076,2790,906,14432
1005,2020-04-14T17:00:00,6,28,166,705,1415,206,2520
1006,2020-04-14T17:00:00,7,133,967,2366,1549,793,5808
1007,2020-04-14T17:00:00,8,328,3473,9977,4269,2705,20752
1008,2020-04-14T17:00:00,9,225,1002,5125,637,538,7527
1009,2020-04-14T17:00:00,10,37,127,458,646,53,1321
1010,2020-04-14T17:00:00,11,106,937,2052,1603,728,5426
1011,2020-04-14T17:00:00,12,199,1344,2479,789,300,5111
1012,2020-04-14T17:00:00,13,52,345,1403,213,232,2245
1013,2020-04-14T17:00:00,14,4,26,170,42,15,257
1014,2020-04-14T17:00:00,15,82,618,2394,415,260,3769
1015,2020-04-14T17:00:00,16,62,611,1879,288,278,3118
1016,2020-04-14T17:00:00,17,12,62,191,35,19,319
1017,2020-04-14T17:00:00,18,12,161,643,72,68,956
1018,2020-04-14T17:00:00,19,53,552,1466,255,175,2501
1019,2020-04-14T17:00:00,20,24,107,769,158,80,1138
1020,2020-04-15T17:00:00,1,366,3338,9491,3019,2015,18229
1021,2020-04-15T17:00:00,2,11,112,425,289,121,958
1022,2020-04-15T17:00:00,3,1074,12043,19804,17855,11377,62153
1023,2020-04-15T17:00:00,4,80,478,3122,1223,541,5444
1024,2020-04-15T17:00:00,5,219,1402,9168,2895,940,14624
1025,2020-04-15T17:00:00,6,24,163,1207,938,212,2544
1026,2020-04-15T17:00:00,7,120,959,2385,1665,807,5936
1027,2020-04-15T17:00:00,8,325,3388,9864,4664,2788,21029
1028,2020-04-15T17:00:00,9,216,977,5224,693,556,7666
1029,2020-04-15T17:00:00,10,37,122,423,686,54,1322
1030,2020-04-15T17:00:00,11,106,888,2103,1660,746,5503
1031,2020-04-15T17:00:00,12,196,1342,2509,874,311,5232
1032,2020-04-15T17:00:00,13,44,341,1425,224,240,2274
1033,2020-04-15T17:00:00,14,4,27,175,42,15,263
1034,2020-04-15T17:00:00,15,86,607,2394,442,278,3807
1035,2020-04-15T17:00:00,16,73,592,1908,323,288,3184
1036,2020-04-15T17:00:00,17,12,60,189,38,21,320
1037,2020-04-15T17:00:00,18,11,156,652,81,71,971
1038,2020-04-15T17:00:00,19,49,541,1491,273,181,2535
1039,2020-04-15T17:00:00,20,26,107,737,208,83,1161
1040,2020-04-16T17:00:00,1,346,3418,10019,3231,2094,19108
1041,2020-04-16T17:00:00,2,12,105,401,331,122,971
1042,2020-04-16T17:00:00,3,1032,11356,20702,18396,11608,63094
1043,2020-04-16T17:00:00,4,77,476,3127,1334,547,5561
1044,2020-04-16T17:00:00,5,209,1388,9203,3209,981,14990
1045,2020-04-16T17:00:00,6,26,159,1145,1069,217,2616
1046,2020-04-16T17:00:00,7,103,957,2377,1774,828,6039
1047,2020-04-16T17:00:00,8,316,3360,9987,4980,2843,21486
1048,2020-04-16T17:00:00,9,213,940,5460,745,585,7943
1049,2020-04-16T17:00:00,10,33,116,387,738,55,1329
1050,2020-04-16T17:00:00,11,102,850,2172,1694,764,5582
1051,2020-04-16T17:00:00,12,197,1347,2600,920,316,5380
1052,2020-04-16T17:00:00,13,42,324,1484,253,243,2346
1053,2020-04-16T17:00:00,14,4,25,174,44,16,263
1054,2020-04-16T17:00:00,15,76,618,2424,483,286,3887
1055,2020-04-16T17:00:00,16,58,603,1964,334,299,3258
1056,2020-04-16T17:00:00,17,9,60,204,41,22,336
1057,2020-04-16T17:00:00,18,9,157,681,90,72,1009
1058,2020-04-16T17:00:00,19,48,525,1535,284,187,2579
1059,2020-04-16T17:00:00,20,24,109,732,214,85,1164
1060,2020-04-17T17:00:00,1,333,3266,10399,3634,2171,19803
1061,2020-04-17T17:00:00,2,9,108,374,379,123,993
1062,2020-04-17T17:00:00,3,971,10627,21836,18850,11851,64135
1063,2020-04-17T17:00:00,4,76,467,3029,1524,576,5672
1064,2020-04-17T17:00:00,5,197,1359,9062,3730,1026,15374
1065,2020-04-17T17:00:00,6,23,148,1257,1027,220,2675
1066,2020-04-17T17:00:00,7,105,897,2457,1863,866,6188
1067,2020-04-17T17:00:00,8,309,3330,9946,5346,2903,21834
1068,2020-04-17T17:00:00,9,207,898,5478,925,602,8110
1069,2020-04-17T17:00:00,10,31,111,352,786,57,1337
1070,2020-04-17T17:00:00,11,94,839,2224,1726,785,5668
1071,2020-04-17T17:00:00,12,187,1332,2695,978,332,5524
1072,2020-04-17T17:00:00,13,43,319,1580,255,246,2443
1073,2020-04-17T17:00:00,14,4,26,178,45,16,269
1074,2020-04-17T17:00:00,15,76,622,2329,631,293,3951
1075,2020-04-17T17:00:00,16,62,590,2004,364,307,3327
1076,2020-04-17T17:00:00,17,9,59,198,49,22,337
1077,2020-04-17T17:00:00,18,7,154,658,99,73,991
1078,2020-04-17T17:00:00,19,46,521,1572,296,190,2625
1079,2020-04-17T17:00:00,20,23,113,736,220,86,1178
1080,2020-04-18T17:00:00,1,323,3271,10629,3989,2252,20464
1081,2020-04-18T17:00:00,2,10,107,432,400,124,1073
1082,2020-04-18T17:00:00,3,947,10042,23206,19136,12050,65381
1083,2020-04-18T17:00:00,4,70,455,3016,1628,587,5756
1084,2020-04-18T17:00:00,5,190,1287,8967,4189,1059,15692
1085,2020-04-18T17:00:00,6,27,141,1235,1106,222,2731
1086,2020-04-18T17:00:00,7,105,901,2406,1992,897,6301
1087,2020-04-18T17:00:00,8,296,3234,10054,5635,2965,22184
1088,2020-04-18T17:00:00,9,198,883,5389,1149,618,8237
1089,2020-04-18T17:00:00,10,32,109,290,856,57,1344
1090,2020-04-18T17:00:00,11,88,804,2280,1754,795,5721
1091,2020-04-18T17:00:00,12,186,1376,2720,1046,340,5668
1092,2020-04-18T17:00:00,13,41,321,1609,263,253,2487
1093,2020-04-18T17:00:00,14,4,27,178,44,16,269
1094,2020-04-18T17:00:00,15,76,605,2364,643,300,3988
1095,2020-04-18T17:00:00,16,60,594,2040,401,314,3409
1096,2020-04-18T17:00:00,17,8,60,194,54,23,339
1097,2020-04-18T17:00:00,18,7,152,673,106,73,1011
1098,2020-04-18T17:00:00,19,42,526,1603,305,196,2672
1099,2020-04-18T17:00:00,20,23,112,746,231,86,1198
1100,2020-04-19T17:00:00,1,305,3201,10964,4256,2331,21057
1101,2020-04-19T17:00:00,2,10,102,450,401,125,1088
1102,2020-04-19T17:00:00,3,922,10342,23233,19526,12213,66236
1103,2020-04-19T17:00:00,4,64,440,3033,1770,605,5912
1104,2020-04-19T17:00:00,5,184,1264,8762,4638,1087,15935
1105,2020-04-19T17:00:00,6,25,140,1172,1183,225,2745
1106,2020-04-19T17:00:00,7,101,885,2504,2110,928,6528
1107,2020-04-19T17:00:00,8,289,3166,10097,5985,3023,22560
1108,2020-04-19T17:00:00,9,192,852,5452,1239,637,8372
1109,2020-04-19T17:00:00,10,30,108,298,854,58,1348
1110,2020-04-19T17:00:00,11,86,799,2297,1780,807,5769
1111,2020-04-19T17:00:00,12,185,1370,2766,1093,341,5755
1112,2020-04-19T17:00:00,13,40,317,1630,276,258,2521
1113,2020-04-19T17:00:00,14,4,27,184,47,17,279
1114,2020-04-19T17:00:00,15,61,590,2371,703,304,4029
1115,2020-04-19T17:00:00,16,60,590,2136,427,316,3529
1116,2020-04-19T17:00:00,17,8,59,180,71,24,342
1117,2020-04-19T17:00:00,18,6,142,696,116,75,1035
1118,2020-04-19T17:00:00,19,41,522,1639,315,200,2717
1119,2020-04-19T17:00:00,20,22,117,725,265,86,1215
